MOD,AA,01,ROCSTA,NR
MOD,AB,01,A111,NR
MOD,AB,02,A112,NR
MOD,AB,03,PRIMULA,NR
MOD,AB,04,Y10,NR
MOD,AB,05,500,NR
MOD,AI,01,U5,M2
MOD,AK,01,2141,NR
MOD,AL,01,A110,NR
MOD,AL,02,A310,NR
MOD,AL,03,"LE MANS",NR
MOD,AL,04,V6,NR
MOD,AL,05,A610,NR
MOD,AL,06,"A110 II",H
MOD,AM,01,CYGNET,A
MOD,AN,01,ALLEGRO,NR
MOD,AN,02,JEEP,NR
MOD,AN,03,MAESTRO,NR
MOD,AN,04,METRO,NR
MOD,AN,05,MINI,A
MOD,AN,06,MONTEGO,NR
MOD,AN,07,MORRISITAL,NR
MOD,AN,08,PRINCESS,NR
MOD,AN,09,SHERPA,NR
MOD,AN,10,850,NR
MOD,AO,01,4X4,NR
MOD,AO,02,SPARTANA,NR
MOD,AR,01,"ALFA 33",M1
MOD,AR,02,"ALFA 6",H
MOD,AR,03,"ALFA 75",M2
MOD,AR,04,"ALFA 90",M2
MOD,AR,05,ALFA-SUD,M1
MOD,AR,06,ALFETTA,M2
MOD,AR,07,GIULIA,H
MOD,AR,08,GIULIETTA,M1
MOD,AR,09,SPIDER,H
MOD,AR,10,SPRINT,NR
MOD,AR,11,1300,NR
MOD,AR,12,1600,NR
MOD,AR,13,164,H
MOD,AR,14,1750,NR
MOD,AR,15,2000,NR
MOD,AR,16,SZ,H
MOD,AR,17,"ALFA 155",M2
MOD,AR,18,RZ,H
MOD,AR,19,"ALFA 145",M1
MOD,AR,20,"ALFA 146",M1
MOD,AR,21,"ALFA GTV",H
MOD,AR,22,"ALFA 156",M2
MOD,AR,23,"ALFA 166",H
MOD,AR,24,SPORTWAGON,M2
MOD,AR,25,"ALFA 147",M1
MOD,AR,26,"ALFA GT",M2
MOD,AR,27,CROSSWAGON,M2
MOD,AR,28,"ALFA 159",H
MOD,AR,29,BRERA,H
MOD,AR,30,"ALFA 159 SW",H
MOD,AR,31,MITO,B
MOD,AR,32,4C,M1
MOD,AR,33,STELVIO,H
MOD,AU,01,COUPE,NR
MOD,AU,02,GT,NR
MOD,AU,03,QUATTRO,NR
MOD,AU,04,"RO 80",NR
MOD,AU,05,V8,H
MOD,AU,06,100,H
MOD,AU,07,200,H
MOD,AU,08,50,NR
MOD,AU,09,60,NR
MOD,AU,10,70,NR
MOD,AU,11,75,NR
MOD,AU,12,80,M2
MOD,AU,13,90,M2
MOD,AU,14,CABRIOLET,M2
MOD,AU,15,A6,H
MOD,AU,16,S6,H
MOD,AU,17,A8,H
MOD,AU,18,A4,M2
MOD,AU,19,A3,M1
MOD,AU,20,S8,H
MOD,AU,21,TT,M1
MOD,AU,22,S4,M2
MOD,AU,23,S3,M1
MOD,AU,24,A2,B
MOD,AU,25,ALLROAD,H
MOD,AU,26,RS4,M2
MOD,AU,27,RS6,H
MOD,AU,28,"A3 SPORTBACK",M1
MOD,AU,29,Q7,H
MOD,AU,30,R8,H
MOD,AU,31,A5,M2
MOD,AU,32,S5,M2
MOD,AU,33,"A4 III - IV",M2
MOD,AU,34,"S3 SPORTBACK",M1
MOD,AU,35,Q5,M2
MOD,AU,36,"A6 III",H
MOD,AU,37,"A5 SPORTBACK",M2
MOD,AU,38,RS5,M2
MOD,AU,39,A1,B
MOD,AU,40,A7,H
MOD,AU,41,RS3,M1
MOD,AU,42,"A6 IV",H
MOD,AU,43,Q3,M1
MOD,AU,44,S7,H
MOD,AU,45,RS7,H
MOD,AU,46,S1,B
MOD,AU,47,"A4 V",M2
MOD,AU,48,Q2,M1
MOD,AU,49,"A3 *",M1
MOD,AU,50,"A6 V",H
MOD,AU,51,Q8,H
MOD,AU,52,"A1 II",B
MOD,AU,53,"Q3 II",M1
MOD,AU,54,E-TRON,H
MOD,AU,55,"S6 V",H
MOD,AU,56,"S7 II",H
MOD,AU,57,"A3 IV",M1
MOD,AU,58,"S3 IV",M1
MOD,AU,59,"E-TRON GT",H
MOD,AU,60,"Q4 E-TRON",M2
MOD,AU,61,"RS3 IV",M1
MOD,AV,01,A3,K1
MOD,BC,01,ARNAGE,H
MOD,BC,02,"CONTINENTAL GT",H
MOD,BC,03,"CONTINENTAL FLYING SPUR",H
MOD,BC,04,"AZURE T",H
MOD,BC,05,BROOKLANDS,H
MOD,BC,06,MULSANNE,H
MOD,BE,01,CF,NR
MOD,BE,02,MIDI,NR
MOD,BK,01,PARKAVENUE,H
MOD,BM,01,M3,M2
MOD,BM,02,M5,H
MOD,BM,03,M535,H
MOD,BM,04,M635,H
MOD,BM,05,Z1,M2
MOD,BM,06,1502,NR
MOD,BM,07,1600,NR
MOD,BM,08,1602,NR
MOD,BM,09,1800,NR
MOD,BM,10,1802,NR
MOD,BM,11,2000,NR
MOD,BM,12,2002,NR
MOD,BM,13,"3,0",NR
MOD,BM,14,"3,3",NR
MOD,BM,15,315,M2
MOD,BM,16,316,M2
MOD,BM,17,318,M2
MOD,BM,18,320,M2
MOD,BM,19,323,M2
MOD,BM,20,324,M2
MOD,BM,21,325,M2
MOD,BM,22,518,H
MOD,BM,23,520,H
MOD,BM,24,524,H
MOD,BM,25,525,H
MOD,BM,26,528,H
MOD,BM,27,530,H
MOD,BM,28,535,H
MOD,BM,29,628,H
MOD,BM,30,630,H
MOD,BM,31,633,H
MOD,BM,32,635,H
MOD,BM,33,725,H
MOD,BM,34,728,H
MOD,BM,35,730,H
MOD,BM,36,732,H
MOD,BM,37,733,H
MOD,BM,38,735,H
MOD,BM,39,745,H
MOD,BM,40,750,H
MOD,BM,41,850,H
MOD,BM,42,740,H
MOD,BM,43,2500,H
MOD,BM,44,840,H
MOD,BM,45,540,H
MOD,BM,46,328,M2
MOD,BM,47,523,H
MOD,BM,48,Z3,M2
MOD,BM,49,330,M2
MOD,BM,50,L7,H
MOD,BM,51,X5,H
MOD,BM,52,Z8,H
MOD,BM,53,Z4,M2
MOD,BM,54,760,H
MOD,BM,55,545,H
MOD,BM,56,645,H
MOD,BM,57,X3,M2
MOD,BM,58,"SERIE 1",M1
MOD,BM,59,"SERIE 3",M2
MOD,BM,60,M6,H
MOD,BM,61,550,H
MOD,BM,62,650,H
MOD,BM,63,X6,H
MOD,BM,64,"SERIE 7",H
MOD,BM,65,X1,M1
MOD,BM,66,"SERIE 5",H
MOD,BM,67,"SERIE 3 (SUITE)",M2
MOD,BM,68,"SERIE 6",H
MOD,BM,69,"SERIE 1 II",M1
MOD,BM,70,"SERIE 3 VI",M2
MOD,BM,71,"SERIE 4",M2
MOD,BM,72,I3,M1
MOD,BM,73,"SERIE 2",M1
MOD,BM,74,X4,M2
MOD,BM,75,M4,M2
MOD,BM,76,I8,H
MOD,BM,77,M2,M1
MOD,BM,78,X2,M1
MOD,BM,79,"X4 II",M2
MOD,BM,80,"SERIE 8",H
MOD,BM,81,"X5 IV",H
MOD,BM,82,"SERIE 3 VII",M2
MOD,BM,83,X7,H
MOD,BM,84,"SERIE 1 III",M1
MOD,BM,85,"X6 III",H
MOD,BM,86,M8,H
MOD,BM,87,"SERIE 4 II",M2
MOD,BM,88,IX,M2
MOD,BM,89,"SERIE 2 II",M1
MOD,BT,01,4X4,NR
MOD,BV,01,"BEE BEE XS",B
MOD,CA,01,SEVILLE,H
MOD,CA,02,ELDORADO,H
MOD,CA,03,ESCALADE,H
MOD,CA,04,CTS,H
MOD,CB,01,C-ZEN,A
MOD,CH,01,ES,M2
MOD,CH,02,"LE BARON",H
MOD,CH,03,SARATOGA,H
MOD,CH,04,VOYAGER,H
MOD,CH,05,VISION,H
MOD,CH,06,VIPER,H
MOD,CH,07,NEON,M2
MOD,CH,08,STRATUS,H
MOD,CH,09,"NEW YORKER",H
MOD,CH,10,"GRAND VOYAGER",H
MOD,CH,11,300M,H
MOD,CH,12,"PT CRUISER",M1
MOD,CH,13,SEBRING,H
MOD,CH,14,CROSSFIRE,M2
MOD,CH,15,300C,H
MOD,CI,01,ACADIANE,NR
MOD,CI,02,AK,NR
MOD,CI,03,AMI,NR
MOD,CI,04,AX,B
MOD,CI,05,AXEL,NR
MOD,CI,06,AZU,NR
MOD,CI,07,BX,M2
MOD,CI,08,CX,H
MOD,CI,09,"CX SERIE2",H
MOD,CI,10,C15,M1
MOD,CI,11,C25,K2
MOD,CI,12,"C25 COMBI",K2
MOD,CI,13,C35,K2
MOD,CI,14,D,NR
MOD,CI,15,DS,NR
MOD,CI,16,DYANE,NR
MOD,CI,17,GS,NR
MOD,CI,18,GSA,NR
MOD,CI,19,ID,H
MOD,CI,20,KATAR,NR
MOD,CI,21,LN,NR
MOD,CI,22,LNA,NR
MOD,CI,23,MEHARI,B
MOD,CI,24,SM,NR
MOD,CI,25,TANGARA,NR
MOD,CI,26,TRACTION,NR
MOD,CI,27,VISA,NR
MOD,CI,28,XM,H
MOD,CI,29,"2 CV",B
MOD,CI,30,ZX,M1
MOD,CI,31,"DANGEL C25",NR
MOD,CI,32,"DANGEL C15",NR
MOD,CI,33,HY,NR
MOD,CI,34,XANTIA,M2
MOD,CI,35,EVASION,H
MOD,CI,36,JUMPER,K2
MOD,CI,37,JUMPY,K1
MOD,CI,38,SAXO,B
MOD,CI,39,BERLINGO,M1
MOD,CI,40,XSARA,M1
MOD,CI,41,"XSARA PICASSO",M1
MOD,CI,42,C5,M2
MOD,CI,43,C3,B
MOD,CI,44,C8,H
MOD,CI,45,"C3 PLURIEL",B
MOD,CI,46,C2,B
MOD,CI,47,C4,M1
MOD,CI,48,C1,A
MOD,CI,49,C6,H
MOD,CI,50,"C4 PICASSO",M2
MOD,CI,51,C-CROSSER,H
MOD,CI,52,NEMO,M1
MOD,CI,53,"C5 II",M2
MOD,CI,54,"BERLINGO II",M1
MOD,CI,55,"C5 II TOURER",M2
MOD,CI,56,"C3 PICASSO",M1
MOD,CI,57,"C3 II",B
MOD,CI,58,DS3,B
MOD,CI,59,"C4 II",M1
MOD,CI,60,C-ZERO,A
MOD,CI,61,DS4,M1
MOD,CI,62,DS5,M2
MOD,CI,63,"C4 AIRCROSS",M1
MOD,CI,64,"C4 PICASSO II",M2
MOD,CI,65,"C4 CACTUS",M1
MOD,CI,66,SPACETOURER,K1
MOD,CI,67,C-ELYSEE,M1
MOD,CI,68,"C3 III",B
MOD,CI,69,"C3 AIRCROSS",B
MOD,CI,70,"C4 SPACETOURER",M2
MOD,CI,71,"BERLINGO III",M1
MOD,CI,72,"C5 AIRCROSS",M2
MOD,CI,73,"C4 III",M1
MOD,CI,74,"C5 X",M2
MOD,CK,01,FORMENTOR,M1
MOD,CK,02,LEON,M1
MOD,CK,03,ATECA,M1
MOD,CK,04,BORN,M1
MOD,CV,01,CORVETTE,H
MOD,CV,02,CORSICA,H
MOD,CV,03,BERETTA,H
MOD,CV,04,BLAZER,H
MOD,CV,05,"TRANS SPORT",H
MOD,CV,06,CAMARO,H
MOD,CV,07,ALERO,H
MOD,CV,08,MATIZ,A
MOD,CV,09,KALOS,B
MOD,CV,10,LACETTI,M1
MOD,CV,11,NUBIRA,M2
MOD,CV,12,REZZO,M1
MOD,CV,13,EVANDA,M2
MOD,CV,14,EPICA,M2
MOD,CV,15,CAPTIVA,H
MOD,CV,16,AVEO,M1
MOD,CV,17,CRUZE,M2
MOD,CV,18,SPARK,A
MOD,CV,19,ORLANDO,M2
MOD,CV,20,VOLT,M2
MOD,CV,21,MALIBU,H
MOD,CV,22,TRAX,M1
MOD,DA,01,BLUEBIRD,NR
MOD,DA,02,CEDRIC,NR
MOD,DA,03,CHERRY,NR
MOD,DA,04,KING-CAB,NR
MOD,DA,05,LAUREL,NR
MOD,DA,06,PATROL,NR
MOD,DA,07,PICK-UP,NR
MOD,DA,08,SILVIA,NR
MOD,DA,09,STANZA,NR
MOD,DA,10,SUNNY,NR
MOD,DA,11,VIOLET,NR
MOD,DA,12,100,NR
MOD,DA,13,120,NR
MOD,DA,14,1600,NR
MOD,DA,15,180,NR
MOD,DA,16,200,NR
MOD,DA,17,220,NR
MOD,DA,18,260,NR
MOD,DA,19,280,NR
MOD,DC,01,LOGAN,M1
MOD,DC,02,SANDERO,B
MOD,DC,03,DUSTER,M1
MOD,DC,04,LODGY,M2
MOD,DC,05,DOKKER,M1
MOD,DC,06,"SANDERO III",B
MOD,DC,07,SPRING,A
MOD,DC,08,JOGGER,M2
MOD,DF,01,VA400,NR
MOD,DF,02,VH400,NR
MOD,DF,03,400,K2
MOD,DF,04,33,NR
MOD,DF,05,44,NR
MOD,DF,06,46,NR
MOD,DF,07,55,NR
MOD,DF,08,66,NR
MOD,DG,01,CALIBER,M2
MOD,DG,02,NITRO,M2
MOD,DG,03,AVENGER,H
MOD,DG,04,JOURNEY,H
MOD,DH,01,CHARADE,B
MOD,DH,02,APPLAUSE,M2
MOD,DH,03,FEROZA,B
MOD,DH,04,ROCKY,M1
MOD,DH,05,HIJET,NR
MOD,DH,06,DOMINO,A
MOD,DH,07,TERIOS,M1
MOD,DH,08,MOVE,A
MOD,DH,09,"GRAN MOVE",B
MOD,DH,10,SIRION,B
MOD,DH,11,YRV,B
MOD,DH,12,COPEN,B
MOD,DH,13,CUORE,A
MOD,DH,14,TREVIS,A
MOD,DH,15,MATERIA,B
MOD,DK,01,"SERES 3",M1
MOD,DM,01,DAIMLER,H
MOD,DS,01,DS5,M2
MOD,DS,02,DS4,M1
MOD,DS,03,DS3,B
MOD,DS,04,"DS7 CROSSBACK",H
MOD,DS,05,"DS3 CROSSBACK",B
MOD,DS,06,DS9,H
MOD,DS,07,"DS4 II",M1
MOD,DW,01,NEXIA,M1
MOD,DW,02,ESPERO,M2
MOD,DW,03,LANOS,M1
MOD,DW,04,NUBIRA,M2
MOD,DW,05,LEGANZA,H
MOD,DW,06,MATIZ,A
MOD,DW,07,KORANDO,H
MOD,DW,08,MUSSO,H
MOD,DW,09,REZZO,M1
MOD,DW,10,KALOS,B
MOD,DW,11,REXTON,H
MOD,DW,12,LACETTI,M1
MOD,DW,13,EVANDA,M2
MOD,EB,01,F275,NR
MOD,EB,02,F350,NR
MOD,EB,03,JX20,NR
MOD,EB,04,JX28,NR
MOD,EB,05,PATROL,NR
MOD,EB,06,TRADE,K1
MOD,EB,07,VANETTE,K1
MOD,FI,01,ARGENTA,NR
MOD,FI,02,CROMA,H
MOD,FI,03,FIORINO,M1
MOD,FI,04,PANDA,A
MOD,FI,05,PININFARINA,NR
MOD,FI,06,REGATA,M2
MOD,FI,07,RITMO,NR
MOD,FI,08,TEMPRA,M2
MOD,FI,09,TIPO,M1
MOD,FI,10,UNO,B
MOD,FI,11,X1/9,NR
MOD,FI,12,126,NR
MOD,FI,13,127,NR
MOD,FI,14,128,NR
MOD,FI,15,130,NR
MOD,FI,16,131,NR
MOD,FI,17,132,NR
MOD,FI,18,133,NR
MOD,FI,19,500,A
MOD,FI,20,600,A
MOD,FI,21,850,NR
MOD,FI,22,900,NR
MOD,FI,23,124,NR
MOD,FI,24,238,NR
MOD,FI,25,CINQUECENTO,A
MOD,FI,26,PUNTO,B
MOD,FI,27,COUPE,M2
MOD,FI,28,DUCATO,K2
MOD,FI,29,ULYSSE,H
MOD,FI,30,BARCHETTA,M1
MOD,FI,31,BRAVA,M1
MOD,FI,32,BRAVO,M1
MOD,FI,33,SCUDO,K1
MOD,FI,34,MAREA,M2
MOD,FI,35,PALIO,M1
MOD,FI,36,SEICENTO,A
MOD,FI,37,MULTIPLA,M1
MOD,FI,38,STRADA,K1
MOD,FI,39,DOBLO,M1
MOD,FI,40,STILO,M1
MOD,FI,41,IDEA,M1
MOD,FI,42,"GRANDE PUNTO",B
MOD,FI,43,"4X4 CROSS",A
MOD,FI,44,SEDICI,B
MOD,FI,45,"BRAVO II",M1
MOD,FI,46,"FIORINO QUBO",M1
MOD,FI,47,"PUNTO EVO",M1
MOD,FI,48,FREEMONT,H
MOD,FI,49,500L,M1
MOD,FI,50,500X,M1
MOD,FI,51,"124 SPIDER",M1
MOD,FI,52,FULLBACK,H
MOD,FI,53,TALENTO,K1
MOD,FI,54,"500 III",A
MOD,FI,55,"SCUDO III",K1
MOD,FI,56,"ULYSSE III",K1
MOD,FK,01,KARMA,H
MOD,FO,01,AEROSTAR,H
MOD,FO,02,ANGLIA,NR
MOD,FO,03,A0407,K2
MOD,FO,04,CAPRI,NR
MOD,FO,05,CONSUL,NR
MOD,FO,06,CORTINA,NR
MOD,FO,07,ESCORT,M1
MOD,FO,08,FIESTA,B
MOD,FO,09,GRANADA,NR
MOD,FO,10,ORION,M1
MOD,FO,11,"P 100",NR
MOD,FO,12,SCORPIO,H
MOD,FO,13,SIERRA,M2
MOD,FO,14,TAUNUS,NR
MOD,FO,15,TRANSIT,K2
MOD,FO,16,COURRIER,M1
MOD,FO,17,A0406,NR
MOD,FO,18,A0409,NR
MOD,FO,19,A0408,K2
MOD,FO,20,A0410,NR
MOD,FO,21,MONDEO,M2
MOD,FO,22,EXPLORER,H
MOD,FO,23,MAVERICK,H
MOD,FO,24,PROBE,H
MOD,FO,25,GALAXY,H
MOD,FO,26,KA,A
MOD,FO,27,PUMA,M1
MOD,FO,28,FOCUS,M1
MOD,FO,29,COUGAR,H
MOD,FO,30,RANGER,K2
MOD,FO,31,FUSION,M1
MOD,FO,32,"TRANSIT CONNECT",K1
MOD,FO,33,"TOURNEO CONNECT",M1
MOD,FO,34,"FOCUS C-MAX",M1
MOD,FO,35,S-MAX,H
MOD,FO,36,KUGA,M1
MOD,FO,37,TOURNEO,K2
MOD,FO,38,B-MAX,M1
MOD,FO,39,"TRANSIT CUSTOM",K2
MOD,FO,40,"TOURNEO CUSTOM",K2
MOD,FO,41,ECOSPORT,B
MOD,FO,42,"TRANSIT VI",K2
MOD,FO,43,"TRANSIT COURIER",K1
MOD,FO,44,"TOURNEO COURIER",M1
MOD,FO,45,MONDEO*,M2
MOD,FO,46,MUSTANG,H
MOD,FO,47,EDGE,M2
MOD,FO,48,KA+,B
MOD,FO,49,"FOCUS IV",M1
MOD,FO,50,"PUMA II",M1
MOD,FO,51,"KUGA III",M1
MOD,FO,52,"MUSTANG MACH-E",H
MOD,FO,53,"TOURNEO CONNECT III",M1
MOD,FP,01,LINDA,NR
MOD,FP,02,POLONEZ,M1
MOD,FP,03,125,NR
MOD,FP,04,125P,M1
MOD,FP,05,1500,NR
MOD,FP,06,TRUCK,NR
MOD,FP,07,CARO,M2
MOD,FP,08,ATOU,M2
MOD,FR,01,ROMA,H
MOD,GC,01,GA,K2
MOD,GC,02,WAY,K1
MOD,GM,01,MIDI,NR
MOD,GM,02,RASCAL,NR
MOD,GR,01,DALLAS,NR
MOD,HD,01,PONY,M1
MOD,HD,02,SONATA,H
MOD,HD,03,LANTRA,M2
MOD,HD,04,SCOUPE,M1
MOD,HD,05,H100,K1
MOD,HD,06,COUPE,M1
MOD,HD,07,ATOS,A
MOD,HD,08,SATELLITE,H
MOD,HD,09,GALLOPER,H
MOD,HD,10,ACCENT,M1
MOD,HD,11,XG,H
MOD,HD,12,H-1,K1
MOD,HD,13,TRAJET,H
MOD,HD,14,ELANTRA,M2
MOD,HD,15,"SANTA FE",H
MOD,HD,16,TERRACAN,H
MOD,HD,17,MATRIX,M1
MOD,HD,18,GETZ,B
MOD,HD,19,TUCSON,H
MOD,HD,20,AZERA,H
MOD,HD,21,I30,M1
MOD,HD,22,I10,A
MOD,HD,23,IX55,H
MOD,HD,24,I20,B
MOD,HD,25,IX35,M2
MOD,HD,26,GENESIS,H
MOD,HD,27,IX20,M1
MOD,HD,28,VELOSTER,M1
MOD,HD,29,I40,M2
MOD,HD,30,IONIQ,M2
MOD,HD,31,KONA,B
MOD,HD,32,"I10 III",A
MOD,HD,33,"I20 III",B
MOD,HD,34,"TUCSON IV",H
MOD,HD,35,"IONIQ 5",M2
MOD,HD,36,BAYON,B
MOD,HD,37,NEXO,H
MOD,HO,01,ACCORD,H
MOD,HO,02,ACTY,NR
MOD,HO,03,CIVIC,M1
MOD,HO,04,CONCERTO,M2
MOD,HO,05,LEGEND,H
MOD,HO,06,N360,NR
MOD,HO,07,PRELUDE,H
MOD,HO,08,QUINTET,NR
MOD,HO,09,NSX,H
MOD,HO,10,CRX,M1
MOD,HO,11,SHUTTLE,H
MOD,HO,12,CRV,H
MOD,HO,13,INTEGRA,M2
MOD,HO,14,HR-V,M2
MOD,HO,15,LOGO,A
MOD,HO,16,S2000,M2
MOD,HO,17,STREAM,M2
MOD,HO,18,JAZZ,B
MOD,HO,19,FR-V,M1
MOD,HO,20,INSIGHT,M2
MOD,HO,21,CR-Z,M1
MOD,HO,22,"CRV V",H
MOD,HO,23,"JAZZ IV",B
MOD,HO,24,"HONDA E",B
MOD,HO,25,"HR-V III",M2
MOD,IA,01,ELECTRIC,A
MOD,IF,01,FX,H
MOD,IF,02,G,H
MOD,IF,03,EX,H
MOD,IF,04,M,H
MOD,IF,05,Q50,H
MOD,IF,06,Q60,H
MOD,IF,07,QX70,H
MOD,IF,08,QX50,H
MOD,IF,09,Q70,H
MOD,IF,10,Q30,M2
MOD,IF,11,QX30,M2
MOD,IN,01,"DE TOMASO",NR
MOD,IN,02,MINI,NR
MOD,IN,03,MINIMATIC,NR
MOD,IN,04,1000,NR
MOD,IN,05,1100,NR
MOD,IN,06,2200,NR
MOD,IN,07,500,NR
MOD,IN,08,650,NR
MOD,IN,09,90,NR
MOD,IN,10,990,NR
MOD,IS,01,TROOPER,H
MOD,IS,02,"SERIE N",K2
MOD,IS,03,D-MAX,K2
MOD,IU,01,DAILY,K2
MOD,IU,02,MASSIF,M2
MOD,JA,01,E,NR
MOD,JA,02,SOVEREIGN,H
MOD,JA,03,XJ,H
MOD,JA,04,XJS,H
MOD,JA,05,XJSC,H
MOD,JA,06,XJ6,H
MOD,JA,07,420,H
MOD,JA,08,XJR,H
MOD,JA,09,V12,H
MOD,JA,10,XK8,H
MOD,JA,11,XJ8,H
MOD,JA,12,S-TYPE,H
MOD,JA,13,X-TYPE,H
MOD,JA,14,XK,H
MOD,JA,15,XF,H
MOD,JA,16,F-TYPE,H
MOD,JA,17,XE,M2
MOD,JA,18,F-PACE,H
MOD,JA,19,E-PACE,M1
MOD,JA,20,I-PACE,H
MOD,JP,01,WRANGLER,M2
MOD,JP,02,CHEROKEE,H
MOD,JP,03,"GRAND CHEROKEE",H
MOD,JP,04,COMMANDER,H
MOD,JP,05,COMPASS,M2
MOD,JP,06,PATRIOT,M2
MOD,JP,07,RENEGADE,M1
MOD,JP,08,"WRANGLER IV",M2
MOD,JP,09,GLADIATOR,K2
MOD,KA,01,BESTA,K1
MOD,KA,02,SEPHIA,M2
MOD,KA,03,SPORTAGE,H
MOD,KA,04,CLARUS,H
MOD,KA,05,PRIDE,B
MOD,KA,06,PREGIO,K1
MOD,KA,07,SHUMA,M2
MOD,KA,08,CARNIVAL,H
MOD,KA,09,SORENTO,H
MOD,KA,10,RIO,M1
MOD,KA,11,CARENS,M1
MOD,KA,12,MAGENTIS,H
MOD,KA,13,OPIRUS,H
MOD,KA,14,PICANTO,A
MOD,KA,15,CERATO,M2
MOD,KA,16,CEED,M1
MOD,KA,17,SOUL,M1
MOD,KA,18,VENGA,M1
MOD,KA,19,OPTIMA,H
MOD,KA,20,NIRO,M1
MOD,KA,21,STONIC,B
MOD,KA,22,STINGER,M2
MOD,KA,23,"CEED III",M1
MOD,KA,24,E-SOUL,M1
MOD,KA,25,"SORENTO IV",H
MOD,KA,26,EV6,H
MOD,KA,27,"SPORTAGE V",H
MOD,LA,01,BETA,NR
MOD,LA,02,DEDRA,M2
MOD,LA,03,DELTA,M1
MOD,LA,04,FLAMINIA,NR
MOD,LA,05,FLAVIA,M2
MOD,LA,06,FULVIA,NR
MOD,LA,07,GAMMA,NR
MOD,LA,08,PRISMA,M2
MOD,LA,09,THEMA,H
MOD,LA,10,TREVI,NR
MOD,LA,11,Y10,A
MOD,LA,12,KAPPA,H
MOD,LA,13,ZETA,H
MOD,LA,14,Y,A
MOD,LA,15,LYBRA,M2
MOD,LA,16,PHEDRA,H
MOD,LA,17,THESIS,H
MOD,LA,18,YPSILON,A
MOD,LA,19,MUSA,M1
MOD,LA,20,VOYAGER,H
MOD,LC,01,01,M2
MOD,LD,01,NIVA,B
MOD,LD,02,SAMARA,M1
MOD,LD,03,1200,M1
MOD,LD,04,1300,M1
MOD,LD,05,1500,M1
MOD,LD,06,1600,M1
MOD,LD,07,SAGONA,M2
MOD,LD,08,KALINKA,M1
MOD,LD,09,110,M2
MOD,LD,10,111,M2
MOD,LD,11,112,M2
MOD,LD,12,1118,M1
MOD,LD,13,KALINA,B
MOD,LD,14,PRIORA,M2
MOD,LD,15,GRANTA,M1
MOD,LL,01,CONVOY,K2
MOD,LO,01,ELAN,H
MOD,LO,02,ESPRIT,H
MOD,LO,03,OMEGA,H
MOD,LO,04,ELISE,H
MOD,LO,05,EXIGE,H
MOD,LO,06,EUROPA,H
MOD,LR,01,DEFENDER,H
MOD,LR,02,DISCOVERY,H
MOD,LR,03,"RANGE 4X4",H
MOD,LR,04,110,NR
MOD,LR,05,90,NR
MOD,LR,06,88,NR
MOD,LR,07,FREELANDER,H
MOD,LR,08,"RANGE ROVER SPORT",H
MOD,LR,09,EVOQUE,M2
MOD,LR,10,"DISCOVERY SPORT",H
MOD,LR,11,VELAR,H
MOD,LR,12,"EVOQUE II",M2
MOD,LR,13,"DEFENDER II",H
MOD,LR,14,"RANGE ROVER V",H
MOD,LX,01,IS,M2
MOD,LX,02,GS,H
MOD,LX,03,RX,H
MOD,LX,04,LS,H
MOD,LX,05,SC,H
MOD,LX,06,"IS SPORTCROSS",M2
MOD,LX,07,CT,M2
MOD,LX,08,LFA,H
MOD,LX,09,NX,H
MOD,LX,10,RC,H
MOD,LX,11,LC,H
MOD,LX,12,"LS II",H
MOD,LX,13,ES,H
MOD,LX,14,UX,M2
MOD,LX,15,"NX II",H
MOD,MA,01,800,B
MOD,MC,01,SMART,A
MOD,ME,01,MB100,K1
MOD,ME,02,190,M2
MOD,ME,03,200,H
MOD,ME,04,206,NR
MOD,ME,05,207,NR
MOD,ME,06,208,K1
MOD,ME,07,209,K1
MOD,ME,08,210,K1
MOD,ME,09,220,H
MOD,ME,10,230,H
MOD,ME,11,240,H
MOD,ME,12,250,H
MOD,ME,13,260,H
MOD,ME,14,280,H
MOD,ME,15,300,H
MOD,ME,16,306,NR
MOD,ME,17,307,NR
MOD,ME,18,308,NR
MOD,ME,19,309,NR
MOD,ME,20,310,NR
MOD,ME,21,350,H
MOD,ME,22,407,NR
MOD,ME,23,408,NR
MOD,ME,24,409,NR
MOD,ME,25,410,NR
MOD,ME,26,420,H
MOD,ME,27,450,H
MOD,ME,28,500,H
MOD,ME,29,507,NR
MOD,ME,30,508,NR
MOD,ME,31,560,H
MOD,ME,32,609,NR
MOD,ME,33,600,H
MOD,ME,34,406,NR
MOD,ME,35,320,H
MOD,ME,36,400,H
MOD,ME,37,SPRINTER,K2
MOD,ME,38,"CLASSE C",M2
MOD,ME,39,"CLASSE E",H
MOD,ME,40,"CLASSE S",H
MOD,ME,41,"CLASSE SL",H
MOD,ME,42,"CLASSE G",H
MOD,ME,43,611,K2
MOD,ME,44,VITO,K1
MOD,ME,45,"CLASSE SLK",H
MOD,ME,46,"CLASSE V",H
MOD,ME,47,"CLASSE CL",H
MOD,ME,48,"CLASSE CLK",H
MOD,ME,49,"CLASSE A",B
MOD,ME,50,"VARIO PLUS",K2
MOD,ME,51,"CLASSE M",H
MOD,ME,52,VANEO,H
MOD,ME,53,VIANO,H
MOD,ME,54,"CLASSE CLS",H
MOD,ME,55,"CLASSE B",M1
MOD,ME,56,"CLASSE R",H
MOD,ME,57,"CLASSE GL",H
MOD,ME,58,"CLASSE CLC",M2
MOD,ME,59,"CLASSE GLK",M2
MOD,ME,60,"CLASSE SLS",H
MOD,ME,61,"CLASSE C III",M2
MOD,ME,62,CITAN,M1
MOD,ME,63,"CLASSE E IV",H
MOD,ME,64,"CLASSE CLA",M2
MOD,ME,65,"CLASSE GLA",M1
MOD,ME,66,"CLASSE C IV",M2
MOD,ME,67,GT,H
MOD,ME,68,"CLASSE GLE",H
MOD,ME,69,"CLASSE GLC",M2
MOD,ME,70,"CLASSE GLS",H
MOD,ME,71,"CLASSE SLC",H
MOD,ME,72,"CLASSE E V",H
MOD,ME,73,"CLASSE X",H
MOD,ME,74,"CLASSE A IV",M1
MOD,ME,75,"CLASSE G II",H
MOD,ME,76,"CLASSE B III",M1
MOD,ME,77,"CLASSE GLE II",H
MOD,ME,78,"CLASSE CLA II",M2
MOD,ME,79,"CLASSE EQC",M2
MOD,ME,80,"CLASSE GLS II",H
MOD,ME,81,"CLASSE GLB",H
MOD,ME,82,"CLASSE GLA II",M1
MOD,ME,83,"CLASSE EQV",H
MOD,ME,84,"CLASSE S V",H
MOD,ME,85,"CLASSE EQA",M1
MOD,ME,86,"CLASSE C V",M2
MOD,ME,87,"CITAN II",M1
MOD,ME,88,"CLASSE EQS",H
MOD,ME,89,"CLASSE EQB",M2
MOD,ME,90,"CLASSE EQE",H
MOD,MG,01,F,M1
MOD,MG,02,ZR,M1
MOD,MG,03,ZS,M2
MOD,MG,04,ZT,H
MOD,MG,05,TF,M1
MOD,MG,06,"ZS EV",M1
MOD,MG,07,EHS,M1
MOD,MG,08,"MARVEL R",M2
MOD,MG,09,MG5,M1
MOD,MH,01,CJ,B
MOD,MH,02,GOA,M2
MOD,MH,03,BOLERO,H
MOD,MI,01,COLT,M1
MOD,MI,02,ESTATE,NR
MOD,MI,03,GALANT,H
MOD,MI,04,LANCER,M2
MOD,MI,05,PAJERO,H
MOD,MI,06,SAPPORO,NR
MOD,MI,07,"SPACE WAGON",M2
MOD,MI,08,3000,H
MOD,MI,09,L200,H
MOD,MI,10,"SPACE RUNNER",M2
MOD,MI,11,CARISMA,M2
MOD,MI,12,CANTER,K2
MOD,MI,13,"SPACE STAR",M1
MOD,MI,14,MONTERO,H
MOD,MI,15,OUTLANDER,H
MOD,MI,16,GRANDIS,H
MOD,MI,17,ASX,M1
MOD,MI,18,I-MIEV,A
MOD,MI,19,"SPACE STAR II",B
MOD,MI,20,"ECLIPSE CROSS",M2
MOD,MM,01,RANCH,B
MOD,MM,02,CLUB,B
MOD,MM,03,CABRIOLET,B
MOD,MM,04,FOURGON,NR
MOD,MM,05,CONCEPT,B
MOD,MN,01,MINI,B
MOD,MN,02,"MINI CLUBMAN",B
MOD,MN,03,COUNTRYMAN,M1
MOD,MN,04,PACEMAN,M1
MOD,MS,01,COUPE,H
MOD,MS,02,GRANSPORT,H
MOD,MS,03,QUATTROPORTE,H
MOD,MS,04,GRANTURISMO,H
MOD,MS,05,GRANCABRIO,H
MOD,MS,06,GHIBLI,H
MOD,MS,07,MC20,H
MOD,MT,01,BAGHEERA,NR
MOD,MT,02,MURENA,NR
MOD,MT,03,M530,NR
MOD,MT,04,RANCHO,NR
MOD,MZ,01,BONGO,K2
MOD,MZ,02,E2200,K2
MOD,MZ,03,MINIBUS,K2
MOD,MZ,04,MX5,M1
MOD,MZ,05,PICK-UP,NR
MOD,MZ,06,RX2,NR
MOD,MZ,07,RX3,NR
MOD,MZ,08,RX5,NR
MOD,MZ,09,RX7,NR
MOD,MZ,10,R100,NR
MOD,MZ,11,1000,NR
MOD,MZ,12,1200,NR
MOD,MZ,13,121,B
MOD,MZ,14,1800,NR
MOD,MZ,15,323,M1
MOD,MZ,16,616,NR
MOD,MZ,17,626,H
MOD,MZ,18,818,NR
MOD,MZ,19,929,H
MOD,MZ,20,MX3,M2
MOD,MZ,21,MX6,H
MOD,MZ,22,"XEDOS 6",H
MOD,MZ,23,T2500,K2
MOD,MZ,24,"XEDOS 9",H
MOD,MZ,25,MPV,H
MOD,MZ,26,DEMIO,B
MOD,MZ,27,PREMACY,M1
MOD,MZ,28,TRIBUTE,H
MOD,MZ,29,MAZDA6,H
MOD,MZ,30,MAZDA2,B
MOD,MZ,31,MAZDA3,M1
MOD,MZ,32,RX8,M2
MOD,MZ,33,MAZDA5,H
MOD,MZ,34,BT50,NR
MOD,MZ,35,CX-7,H
MOD,MZ,36,CX-5,M2
MOD,MZ,37,CX-3,M1
MOD,MZ,38,"MAZDA3 IV",M1
MOD,MZ,39,CX-30,M1
MOD,MZ,40,MX-30,M1
MOD,MZ,41,"MAZDA2 IV",B
MOD,NA,01,BLUEBIRD,M2
MOD,NA,02,CEDRIC,NR
MOD,NA,03,KING-CAB,NR
MOD,NA,04,MAXIMA,H
MOD,NA,05,MICRA,B
MOD,NA,06,PATROL,H
MOD,NA,07,PICK-UP,NR
MOD,NA,08,PRAIRIE,M1
MOD,NA,09,PRIMERA,M2
MOD,NA,10,SILVIA,M2
MOD,NA,11,STANZA,NR
MOD,NA,12,SUNNY,M1
MOD,NA,13,TERRANO,H
MOD,NA,14,URVAN,K1
MOD,NA,15,VANETTE,K1
MOD,NA,16,"200 SX",M2
MOD,NA,17,"300 ZX",H
MOD,NA,18,"100 NX",M1
MOD,NA,19,SERENA,M2
MOD,NA,20,"TERRANO II",H
MOD,NA,21,TRADE,K1
MOD,NA,22,"MAXIMA QX",H
MOD,NA,23,ALMERA,M1
MOD,NA,24,L35,K2
MOD,NA,25,"ECO T100",K2
MOD,NA,26,CABSTAR,K2
MOD,NA,27,"ALMERA TINO",M1
MOD,NA,28,X-TRAIL,M2
MOD,NA,29,PRIMASTAR,K1
MOD,NA,30,INTERSTAR,K2
MOD,NA,31,TINO,M1
MOD,NA,32,KUBISTAR,M1
MOD,NA,33,"350 Z",M2
MOD,NA,34,MURANO,H
MOD,NA,35,PATHFINDER,H
MOD,NA,36,NAVARA,H
MOD,NA,37,NOTE,M1
MOD,NA,38,QASHQAI,M1
MOD,NA,39,ATLEON,K2
MOD,NA,40,NP300,H
MOD,NA,41,PIXO,A
MOD,NA,42,"370 Z",M2
MOD,NA,43,GT-R,H
MOD,NA,44,NV200,K1
MOD,NA,45,CUBE,M1
MOD,NA,46,JUKE,B
MOD,NA,47,LEAF,M1
MOD,NA,48,NV400,K2
MOD,NA,49,PULSAR,M1
MOD,NA,50,NV300,K1
MOD,NA,51,"JUKE II",B
MOD,NA,52,NV250,M1
MOD,NA,53,"QASHQAI III",M1
MOD,NA,54,TOWNSTAR,M1
MOD,NA,55,"INTERSTAR II",K2
MOD,NA,56,"PRIMASTAR II",K1
MOD,NA,57,ARIYA,M2
MOD,NM,01,TGE,K2
MOD,OP,01,ADMIRAL,NR
MOD,OP,02,ASCONA,NR
MOD,OP,03,CALIBRA,M2
MOD,OP,04,CITY,NR
MOD,OP,05,COMMODORE,NR
MOD,OP,06,CORSA,B
MOD,OP,07,CORSAVAN,B
MOD,OP,08,DIPLOMAT,NR
MOD,OP,09,KADETT,M1
MOD,OP,10,KAPITAN,NR
MOD,OP,11,MANTA,NR
MOD,OP,12,MONZA,NR
MOD,OP,13,OMEGA,H
MOD,OP,14,REKORD,NR
MOD,OP,15,SENATOR,NR
MOD,OP,16,VECTRA,M2
MOD,OP,17,ASTRA,M1
MOD,OP,18,FRONTERA,H
MOD,OP,19,CABRIO,M1
MOD,OP,20,MONTEREY,H
MOD,OP,21,TIGRA,M1
MOD,OP,22,SINTRA,H
MOD,OP,23,MOVANO,K2
MOD,OP,24,ZAFIRA,M2
MOD,OP,25,CAMPO,K1
MOD,OP,26,AGILA,A
MOD,OP,27,SPEEDSTER,M1
MOD,OP,28,VIVARO,K1
MOD,OP,29,COMBO,M1
MOD,OP,30,MERIVA,M1
MOD,OP,31,SIGNUM,H
MOD,OP,32,ANTARA,H
MOD,OP,33,GT,M2
MOD,OP,34,INSIGNIA,M2
MOD,OP,35,AMPERA,M2
MOD,OP,36,MOKKA,M1
MOD,OP,37,ADAM,B
MOD,OP,38,CASCADA,M2
MOD,OP,39,KARL,A
MOD,OP,40,"CROSSLAND X",M1
MOD,OP,41,"GRANDLAND X",M1
MOD,OP,42,"COMBO LIFE",M1
MOD,OP,43,"COMBO III",M1
MOD,OP,44,"CORSA VI",B
MOD,OP,45,"VIVARO III",K1
MOD,OP,46,"ZAFIRA LIFE",K1
MOD,OP,47,"MOKKA II",M1
MOD,OP,48,CROSSLAND,M1
MOD,OP,49,"ASTRA VI",M1
MOD,OP,50,"MOVANO III",K2
MOD,OP,51,GRANDLAND,M1
MOD,PA,01,DYNA,NR
MOD,PA,02,PL,NR
MOD,PA,03,24,NR
MOD,PC,01,"TRANS SPORT",H
MOD,PC,02,FIREBIRD,H
MOD,PE,01,"DANGEL 505",H
MOD,PE,02,J5,K2
MOD,PE,03,"J5 COMBI",K2
MOD,PE,04,J9,K2
MOD,PE,05,P4,NR
MOD,PE,06,104,B
MOD,PE,07,205,B
MOD,PE,08,304,NR
MOD,PE,09,305,NR
MOD,PE,10,309,M1
MOD,PE,11,403,NR
MOD,PE,12,404,NR
MOD,PE,13,405,M2
MOD,PE,14,504,NR
MOD,PE,15,505,H
MOD,PE,16,604,H
MOD,PE,17,605,H
MOD,PE,18,106,B
MOD,PE,19,"DANGEL J5",NR
MOD,PE,20,"DANGEL 504",NR
MOD,PE,21,203,NR
MOD,PE,22,204,NR
MOD,PE,23,J7,NR
MOD,PE,24,306,M1
MOD,PE,25,806,H
MOD,PE,26,BOXER,K2
MOD,PE,27,EXPERT,K1
MOD,PE,28,406,M2
MOD,PE,29,PARTNER,M1
MOD,PE,30,206,B
MOD,PE,31,607,H
MOD,PE,32,307,M1
MOD,PE,33,807,H
MOD,PE,34,407,M2
MOD,PE,35,1007,B
MOD,PE,36,107,A
MOD,PE,37,207,B
MOD,PE,38,4007,H
MOD,PE,39,308,M1
MOD,PE,40,BIPPER,M1
MOD,PE,41,"PARTNER II",M1
MOD,PE,42,3008,M1
MOD,PE,43,5008,M2
MOD,PE,44,RCZ,M1
MOD,PE,45,508,M2
MOD,PE,46,ION,A
MOD,PE,47,208,B
MOD,PE,48,4008,M1
MOD,PE,49,2008,B
MOD,PE,50,108,A
MOD,PE,51,TRAVELLER,K1
MOD,PE,52,BOXER*,K2
MOD,PE,53,"508 II",H
MOD,PE,54,RIFTER,M1
MOD,PE,55,"PARTNER III",M1
MOD,PE,56,"208 II",B
MOD,PE,57,"2008 II",B
MOD,PE,58,"308 III",M1
MOD,PI,01,PORTER,NR
MOD,PM,01,PS160,H
MOD,PO,01,911,H
MOD,PO,02,912,NR
MOD,PO,03,914,NR
MOD,PO,04,924,NR
MOD,PO,05,928,H
MOD,PO,06,930,H
MOD,PO,07,944,H
MOD,PO,08,968,H
MOD,PO,09,BOXSTER,H
MOD,PO,10,CAYENNE,H
MOD,PO,11,CAYMAN,H
MOD,PO,12,PANAMERA,H
MOD,PO,13,MACAN,H
MOD,PO,14,918,H
MOD,PO,15,"911 VIII",H
MOD,PO,16,"MACAN II",H
MOD,PO,17,"718 CAYMAN",H
MOD,PO,18,"718 BOXSTER",H
MOD,PO,19,TAYCAN,H
MOD,PR,01,415,M2
MOD,PR,02,416,M2
MOD,PR,03,413,M2
MOD,PR,04,418,M2
MOD,PR,05,420,M2
MOD,PR,06,313,M2
MOD,PR,07,315,M2
MOD,RE,0A,"CAPTUR II",B
MOD,RE,0B,ARKANA,M1
MOD,RE,0C,"KANGOO III",M1
MOD,RE,0D,"EXPRESS II",M1
MOD,RE,0E,"MEGANE V",M1
MOD,RE,01,B110,K2
MOD,RE,02,B70,NR
MOD,RE,03,B80,NR
MOD,RE,04,B90,NR
MOD,RE,05,CARAVELLE,NR
MOD,RE,06,CHEROKEE,H
MOD,RE,07,CLIO,B
MOD,RE,08,DAUPHINE,NR
MOD,RE,09,DAUPHINOIS,NR
MOD,RE,10,ESPACE,H
MOD,RE,11,ESTAFETTE,NR
MOD,RE,12,EXPRESS,M1
MOD,RE,13,FLORIDE,NR
MOD,RE,14,FREGATE,NR
MOD,RE,15,FUEGO,NR
MOD,RE,16,"JEEP CJ7",NR
MOD,RE,17,JUVAQUATRE,NR
MOD,RE,18,MASTER,K2
MOD,RE,19,ONDINE,NR
MOD,RE,20,PRAIRIE,NR
MOD,RE,21,RODEO,NR
MOD,RE,22,R10,NR
MOD,RE,23,R11,M1
MOD,RE,24,R12,NR
MOD,RE,25,R14,M1
MOD,RE,26,R15,NR
MOD,RE,27,R16,NR
MOD,RE,28,R17,NR
MOD,RE,29,R18,M2
MOD,RE,30,R19,M1
MOD,RE,31,R20,NR
MOD,RE,32,R21,M2
MOD,RE,33,"R21 NEVADA",M2
MOD,RE,34,R25,H
MOD,RE,35,R30,NR
MOD,RE,36,R4,B
MOD,RE,37,R5,B
MOD,RE,38,R6,NR
MOD,RE,39,R8,NR
MOD,RE,40,R9,M1
MOD,RE,41,SAVANE,NR
MOD,RE,42,SUPERCINQ,B
MOD,RE,43,TRAFIC,K1
MOD,RE,44,WRANGLER,M2
MOD,RE,45,4CV,NR
MOD,RE,46,SAVIEM,NR
MOD,RE,47,B120,K2
MOD,RE,48,SAFRANE,H
MOD,RE,49,MESSENGER,K2
MOD,RE,50,TWINGO,A
MOD,RE,51,LAGUNA,M2
MOD,RE,52,"LAGUNA NEVADA",M2
MOD,RE,53,MEGANE,M1
MOD,RE,54,SPIDER,H
MOD,RE,55,KANGOO,M1
MOD,RE,56,"KANGOO EXPRESS",M1
MOD,RE,57,"GRAND ESPACE",H
MOD,RE,58,SCENIC,M1
MOD,RE,59,MASCOTT,K2
MOD,RE,60,"LAGUNA II",M2
MOD,RE,61,"LAGUNA II ESTATE",M2
MOD,RE,62,AVANTIME,H
MOD,RE,63,"VEL SATIS",H
MOD,RE,64,"ESPACE IV",H
MOD,RE,65,"GRAND ESPACE IV",H
MOD,RE,66,"MEGANE II",M1
MOD,RE,67,"SCENIC II",M1
MOD,RE,68,"MEGANE II ESTATE",M1
MOD,RE,69,"GRAND SCENIC",M1
MOD,RE,70,MODUS,B
MOD,RE,71,"CLIO III",B
MOD,RE,72,MAXITY,K2
MOD,RE,73,"TWINGO II",A
MOD,RE,74,"LAGUNA III",M2
MOD,RE,75,"LAGUNA III ESTATE",M2
MOD,RE,76,"CLIO III ESTATE",B
MOD,RE,77,"KANGOO II",M1
MOD,RE,78,"KANGOO EXPRESS II",M1
MOD,RE,79,KOLEOS,M2
MOD,RE,80,"MEGANE III",M1
MOD,RE,81,"SCENIC III",M1
MOD,RE,82,"MEGANE III ESTATE",M1
MOD,RE,83,FLUENCE,M1
MOD,RE,84,"MASTER III",K2
MOD,RE,85,WIND,A
MOD,RE,86,LATITUDE,H
MOD,RE,87,ZOE,B
MOD,RE,88,"CLIO IV",B
MOD,RE,89,"CLIO IV ESTATE",B
MOD,RE,90,CAPTUR,B
MOD,RE,91,"TRAFIC III",K1
MOD,RE,92,"TWINGO III",A
MOD,RE,93,"ESPACE V",H
MOD,RE,94,KADJAR,M1
MOD,RE,95,TALISMAN,M2
MOD,RE,96,"MEGANE IV",M1
MOD,RE,97,"SCENIC IV",M1
MOD,RE,98,ALASKAN,H
MOD,RE,99,"CLIO V",B
MOD,RO,01,FREIGHT,NR
MOD,RO,02,111,B
MOD,RO,03,114,B
MOD,RO,04,2000,NR
MOD,RO,05,213,M1
MOD,RO,06,214,M1
MOD,RO,07,216,M1
MOD,RO,08,2200,NR
MOD,RO,09,2300,NR
MOD,RO,10,2400,NR
MOD,RO,11,2600,NR
MOD,RO,12,3500,NR
MOD,RO,13,416,M2
MOD,RO,14,820,H
MOD,RO,15,825,H
MOD,RO,16,827,H
MOD,RO,17,414,M2
MOD,RO,18,218,M1
MOD,RO,19,418,M2
MOD,RO,20,220,M1
MOD,RO,21,420,M2
MOD,RO,22,620,H
MOD,RO,23,ESTATE,M2
MOD,RO,24,623,H
MOD,RO,25,115,B
MOD,RO,26,618,H
MOD,RO,27,200,M1
MOD,RO,28,75,H
MOD,RO,29,25,M1
MOD,RO,30,45,M2
MOD,RO,31,STREETWISE,M1
MOD,SA,01,SAMURAI,M1
MOD,SA,02,S410,NR
MOD,SA,03,S413,NR
MOD,SA,04,VITARA,M1
MOD,SA,05,S300,M1
MOD,SA,06,S350,M1
MOD,SB,01,900,H
MOD,SB,02,9000,H
MOD,SB,03,9-5,H
MOD,SB,04,9-3,H
MOD,SB,05,"9-5 ESTATE",H
MOD,SB,06,"9-3 BERLINE DE SPORT",H
MOD,SB,07,"9-3 SPORT HATCH",H
MOD,SB,08,"9-3 X",H
MOD,SE,01,FURA,NR
MOD,SE,02,IBIZA,M1
MOD,SE,03,MALAGA,M2
MOD,SE,04,MARBELLA,A
MOD,SE,05,RONDA,NR
MOD,SE,06,TERRA,A
MOD,SE,07,TOLEDO,M2
MOD,SE,08,CORDOBA,M1
MOD,SE,09,INCA,M1
MOD,SE,10,ALHAMBRA,H
MOD,SE,11,AROSA,A
MOD,SE,12,LEON,M1
MOD,SE,13,ALTEA,M1
MOD,SE,14,"ALTEA  XL",M1
MOD,SE,15,EXEO,M2
MOD,SE,16,MII,A
MOD,SE,17,IBIZA*,M1
MOD,SE,18,ATECA,M1
MOD,SE,19,ARONA,B
MOD,SE,20,TARRACO,M2
MOD,SE,21,"LEON IV",M1
MOD,SG,01,FAMILY,H
MOD,SG,02,MUSSO,H
MOD,SG,03,KORANDO,H
MOD,SG,04,REXTON,H
MOD,SG,05,RODIUS,H
MOD,SG,06,KYRON,H
MOD,SG,07,ACTYON,H
MOD,SG,08,TIVOLI,B
MOD,SG,09,"KORANDO II",H
MOD,SG,10,"REXTON III",H
MOD,SK,01,FAVORIT,M1
MOD,SK,02,1050,NR
MOD,SK,03,120,NR
MOD,SK,04,130,NR
MOD,SK,05,FELICIA,M1
MOD,SK,06,OCTAVIA,M2
MOD,SK,07,FABIA,B
MOD,SK,08,SUPERB,M2
MOD,SK,09,ROOMSTER,M1
MOD,SK,10,YETI,M1
MOD,SK,11,CITIGO,A
MOD,SK,12,RAPID,M2
MOD,SK,13,KODIAQ,M2
MOD,SK,14,KAROQ,M1
MOD,SK,15,SCALA,M1
MOD,SK,16,KAMIQ,M1
MOD,SK,17,"OCTAVIA IV",M2
MOD,SK,18,ENYAQ,M2
MOD,SK,19,"FABIA IV",B
MOD,SR,01,LEGACY,H
MOD,SR,02,IMPREZA,M2
MOD,SR,03,SVX,H
MOD,SR,04,E12,B
MOD,SR,05,VIVIO,B
MOD,SR,06,JUSTY,M1
MOD,SR,07,FORESTER,H
MOD,SR,08,"G3X JUSTY",M1
MOD,SR,09,OUTBACK,H
MOD,SR,10,"B9 TRIBECA",H
MOD,SR,11,TREZIA,B
MOD,SR,12,XV,M2
MOD,SR,13,BRZ,M2
MOD,SR,14,LEVORG,H
MOD,SR,15,"XV II",M2
MOD,SR,16,"IMPREZA V",M2
MOD,SR,17,"FORESTER V",H
MOD,SR,18,"OUTBACK VI",H
MOD,ST,01,CITY-COUPE,A
MOD,ST,02,CABRIO,A
MOD,ST,03,ROADSTER,A
MOD,ST,04,ROADSTER-COUPE,A
MOD,ST,05,FORFOUR,B
MOD,ST,06,"FORTWO COUPE",A
MOD,ST,07,"FORTWO CABRIO",A
MOD,ST,08,"FORTWO BUSINESS",A
MOD,ST,09,FORTWO,A
MOD,SU,01,AVENGER,NR
MOD,SU,02,LOTUS,NR
MOD,SU,03,TI,NR
MOD,SU,04,1000,NR
MOD,SU,05,1250,NR
MOD,SU,06,1300,NR
MOD,SU,07,1500,NR
MOD,SU,08,1600,NR
MOD,SU,09,1725,NR
MOD,SZ,01,SWIFT,B
MOD,SZ,02,VITARA,M1
MOD,SZ,03,SUPERCARRY,B
MOD,SZ,04,SAMURAI,M1
MOD,SZ,05,BALENO,M1
MOD,SZ,06,ALTO,A
MOD,SZ,07,X90,B
MOD,SZ,08,"WAGON R+",A
MOD,SZ,09,"GRAND VITARA",M1
MOD,SZ,10,JIMNY,B
MOD,SZ,11,IGNIS,B
MOD,SZ,12,LIANA,M1
MOD,SZ,13,SX4,B
MOD,SZ,14,SPLASH,A
MOD,SZ,15,KIZASHI,M2
MOD,SZ,16,S-CROSS,M1
MOD,SZ,17,CELERIO,A
MOD,SZ,18,"JIMNY II",B
MOD,SZ,19,ACROSS,M2
MOD,SZ,20,SWACE,M1
MOD,SZ,21,"S-CROSS II",M1
MOD,TA,01,ARONDE,NR
MOD,TA,02,HORIZON,NR
MOD,TA,03,SAMBA,B
MOD,TA,04,"SIM QUATRE",NR
MOD,TA,05,SOLARA,NR
MOD,TA,06,TAGORA,NR
MOD,TA,07,1000,NR
MOD,TA,08,1005,NR
MOD,TA,09,1006,NR
MOD,TA,10,1100,NR
MOD,TA,11,1300,NR
MOD,TA,12,1301,NR
MOD,TA,13,1307,NR
MOD,TA,14,1308,NR
MOD,TA,15,1309,NR
MOD,TA,16,1500,NR
MOD,TA,17,1501,NR
MOD,TA,18,1510,NR
MOD,TA,19,160,NR
MOD,TA,20,1610,NR
MOD,TA,21,2L,NR
MOD,TK,01,CITY,A
MOD,TL,01,"MODEL S",H
MOD,TL,02,"MODEL X",H
MOD,TL,03,"MODEL 3",H
MOD,TL,04,"MODEL Y",H
MOD,TO,01,CAMRY,H
MOD,TO,02,CARINA,M2
MOD,TO,03,"CARINA II",M2
MOD,TO,04,CELICA,M2
MOD,TO,05,COROLLA,M1
MOD,TO,06,CORONA,NR
MOD,TO,07,CRESSIDA,NR
MOD,TO,08,CROWN,NR
MOD,TO,09,DYNA,K1
MOD,TO,10,HI-ACE,K1
MOD,TO,11,HI-LUX,K1
MOD,TO,12,LANDCRUISER,H
MOD,TO,13,LEXUS,H
MOD,TO,14,"LITE ACE",K1
MOD,TO,15,"MODELE F",K1
MOD,TO,16,MR,M2
MOD,TO,17,PREVIA,H
MOD,TO,18,RUNNER,H
MOD,TO,19,STARLET,B
MOD,TO,20,SUPRA,H
MOD,TO,21,TERCEL,NR
MOD,TO,22,"CARINA E",M2
MOD,TO,23,FUNCRUISER,M2
MOD,TO,24,RAV4,M2
MOD,TO,25,PASEO,M1
MOD,TO,26,PICNIC,M2
MOD,TO,27,AVENSIS,M2
MOD,TO,28,YARIS,B
MOD,TO,29,PRIUS,M2
MOD,TO,30,"COROLLA VERSO",M1
MOD,TO,31,AYGO,A
MOD,TO,32,"YARIS II",B
MOD,TO,33,"RAV4 III",M2
MOD,TO,34,AURIS,M1
MOD,TO,35,IQ,A
MOD,TO,36,"URBAN CRUISER",M1
MOD,TO,37,VERSO,M1
MOD,TO,38,VERSO-S,B
MOD,TO,39,"YARIS III",B
MOD,TO,40,GT86,M2
MOD,TO,41,"RAV4 IV",M2
MOD,TO,42,PROACE,K1
MOD,TO,43,C-HR,M1
MOD,TO,44,MIRAI,H
MOD,TO,45,"RAV4 V",M2
MOD,TO,46,"COROLLA X",M1
MOD,TO,47,"CAMRY II",H
MOD,TO,48,"SUPRA V",H
MOD,TO,49,"PROACE CITY",M1
MOD,TO,50,"YARIS IV",B
MOD,TO,51,HIGHLANDER,H
MOD,TO,52,"MIRAI II",H
MOD,TO,53,"YARIS CROSS",B
MOD,TO,54,"AYGO X",A
MOD,TO,55,GR86,M2
MOD,TR,01,ACCLAIM,NR
MOD,TR,02,DOLOMITE,NR
MOD,TR,03,HERALD,NR
MOD,TR,04,STAG,NR
MOD,TR,05,TOLEDO,NR
MOD,TR,06,TR,NR
MOD,TR,07,TR4,NR
MOD,TR,08,TR6,NR
MOD,TR,09,1300,NR
MOD,TR,10,2000,NR
MOD,TR,11,2500,NR
MOD,TR,12,SPITFIRE,NR
MOD,TT,01,TELCOLINE,NR
MOD,TT,02,TELCOSPORT,NR
MOD,UM,01,ALTER,NR
MOD,VO,01,142,NR
MOD,VO,02,144,NR
MOD,VO,03,164,NR
MOD,VO,04,1800,NR
MOD,VO,05,240,NR
MOD,VO,06,242,NR
MOD,VO,07,244,NR
MOD,VO,08,245,NR
MOD,VO,09,262,NR
MOD,VO,10,264,NR
MOD,VO,11,265,NR
MOD,VO,12,340,NR
MOD,VO,13,360,NR
MOD,VO,14,440,M2
MOD,VO,15,460,M2
MOD,VO,16,480,M2
MOD,VO,17,740,H
MOD,VO,18,760,H
MOD,VO,19,780,H
MOD,VO,20,940,H
MOD,VO,21,960,H
MOD,VO,22,850,H
MOD,VO,23,66,NR
MOD,VO,24,122,NR
MOD,VO,25,S40,M2
MOD,VO,26,V40,M2
MOD,VO,27,S90,H
MOD,VO,28,V90,H
MOD,VO,29,S70,H
MOD,VO,30,V70,H
MOD,VO,31,C70,H
MOD,VO,32,S80,H
MOD,VO,33,S60,M2
MOD,VO,34,"CROSS COUNTRY",H
MOD,VO,35,XC70,H
MOD,VO,36,XC90,H
MOD,VO,37,V50,M2
MOD,VO,38,C30,M1
MOD,VO,39,XC60,M2
MOD,VO,40,V60,M2
MOD,VO,41,XC40,M2
MOD,VO,42,"V60 II",M2
MOD,VO,43,"S60 III",M2
MOD,VO,44,C40,M2
MOD,VW,01,CADDY,M1
MOD,VW,02,COCCINELLE,M1
MOD,VW,03,CORRADO,M1
MOD,VW,04,GOLF,M1
MOD,VW,05,JETTA,M1
MOD,VW,06,K70,NR
MOD,VW,07,LT28,K2
MOD,VW,08,LT31,K2
MOD,VW,09,LT35,K2
MOD,VW,10,LT40A,K2
MOD,VW,11,PASSAT,M2
MOD,VW,12,POLO,B
MOD,VW,13,SANTANA,NR
MOD,VW,14,SCIROCCO,M1
MOD,VW,15,TARO,K1
MOD,VW,16,TRANSPORTER,K1
MOD,VW,17,1600,NR
MOD,VW,18,181,NR
MOD,VW,19,183,NR
MOD,VW,20,411,NR
MOD,VW,21,412,NR
MOD,VW,22,"GOLF III",M1
MOD,VW,23,VENTO,M1
MOD,VW,24,"1,6L",NR
MOD,VW,25,SHARAN,H
MOD,VW,26,LT32,K2
MOD,VW,27,LT46A,K2
MOD,VW,28,"GOLF IV",M1
MOD,VW,29,LUPO,A
MOD,VW,30,BORA,M1
MOD,VW,31,"NEW BEETLE",M1
MOD,VW,32,PHAETON,H
MOD,VW,33,TOUAREG,H
MOD,VW,34,TOURAN,M1
MOD,VW,35,"GOLF V",M1
MOD,VW,36,"GOLF PLUS",M1
MOD,VW,37,FOX,A
MOD,VW,38,"PASSAT SW",M2
MOD,VW,39,"JETTA II",M1
MOD,VW,40,EOS,M1
MOD,VW,41,CRAFTER,K2
MOD,VW,42,TIGUAN,M1
MOD,VW,43,"PASSAT CC",M2
MOD,VW,44,"GOLF VI",M1
MOD,VW,45,"POLO V",B
MOD,VW,46,AMAROK,K2
MOD,VW,47,"JETTA III",M1
MOD,VW,48,UP,A
MOD,VW,49,"GOLF VII",M1
MOD,VW,50,"GOLF SPORTSVAN",M1
MOD,VW,51,PASSAT*,M2
MOD,VW,52,ARTEON,H
MOD,VW,53,T-ROC,M1
MOD,VW,54,"POLO VI",B
MOD,VW,55,"TOUAREG III",H
MOD,VW,56,T-CROSS,M1
MOD,VW,57,"GOLF VIII",M1
MOD,VW,58,ID.3,M1
MOD,VW,59,ID.4,M2
MOD,VW,60,"CADDY V",M1
MOD,VW,61,TAIGO,M1
MOD,VW,62,"MULTIVAN T7",K1
MOD,VW,63,ID.5,M2
MOD,VW,64,ID.BUZZ,K1
MOD,ZA,01,YUGO,NR
MOD,ZA,02,1100,NR
MOD,ZA,03,1300,NR
MOD,ZZ,01,TAVRIA,B
